week,category,weekly_rank,show_title,season_title,weekly_hours_viewed,cumulative_weeks_in_top_10
2021-11-14,Films (English),1,Red Notice,N/A,148720000,1
2021-11-14,Films (English),2,Love Hard,N/A,58560000,2
2021-11-14,Films (English),3,The Harder They Fall,N/A,33060000,2
2021-11-14,Films (English),4,Army of Thieves,N/A,20560000,3
2021-11-14,Films (English),5,Father Christmas Is Back,N/A,13780000,1
2021-11-14,Films (English),6,211,N/A,7900000,1
2021-11-14,Films (English),7,Army of the Dead,N/A,7620000,3
2021-11-14,Films (English),8,Passing,N/A,7490000,1
2021-11-14,Films (English),9,Transformers: The Last Knight,N/A,6920000,2
2021-11-14,Films (English),10,Jumanji: The Next Level,N/A,6760000,1
2021-11-14,Films (Non-English),1,Yara,N/A,17950000,2
2021-11-14,Films (Non-English),2,7 Prisoners,N/A,9690000,1
2021-11-14,Films (Non-English),3,The Claus Family,N/A,4440000,2
2021-11-14,Films (Non-English),4,Meenakshi Sundareshwar,N/A,4410000,2
2021-11-14,Films (Non-English),5,The Forgotten Battle,N/A,2630000,5
2021-11-14,Films (Non-English),6,Stuck Together,N/A,2610000,4
2021-11-14,Films (Non-English),7,Lords of Scam,N/A,2120000,1
2021-11-14,Films (Non-English),8,Fierce,N/A,1800000,1
2021-11-14,Films (Non-English),9,Der Fall Collini,N/A,1590000,2
2021-11-14,Films (Non-English),10,Doctor (Tamil),N/A,1430000,2
2021-11-14,TV (English),1,Narcos: Mexico,Narcos: Mexico: Season 3,50290000,2
2021-11-14,TV (English),2,Arcane,Arcane: Season 1,34170000,1
2021-11-14,TV (English),3,You,You: Season 3,33720000,5
2021-11-14,TV (English),4,Maid,Maid: Limited Series,29480000,7
2021-11-14,TV (English),5,Big Mouth,Big Mouth: Season 5,25390000,2
2021-11-14,TV (English),6,Dynasty,Dynasty: Season 4,21020000,4
2021-11-14,TV (English),7,Locke & Key,Locke & Key: Season 2,18770000,4
2021-11-14,TV (English),8,Narcos: Mexico,Narcos: Mexico: Season 1,15570000,1
2021-11-14,TV (English),9,You,You: Season 2,15520000,4
2021-11-14,TV (English),10,You,You: Season 1,14570000,5
2021-11-14,TV (Non-English),1,Squid Game,Squid Game: Season 1,42790000,9
2021-11-14,TV (Non-English),2,The King's Affection,The King's Affection: Season 1,14120000,4
2021-11-14,TV (Non-English),3,Hometown Cha-Cha-Cha,Hometown Cha-Cha-Cha: Season 1,13820000,11
2021-11-14,TV (Non-English),4,Carinha de Anjo,Carinha de Anjo: Season 1,13660000,6
2021-11-14,TV (Non-English),5,My Name,My Name: Season 1,10820000,5
2021-11-14,TV (Non-English),6,Where is Marta?,Where is Marta?: Limited Series,8640000,1
2021-11-14,TV (Non-English),7,The Five Juanas,The Five Juanas: Season 1,8490000,6
2021-11-14,TV (Non-English),8,The Club,The Club: Part 1,7860000,1
2021-11-14,TV (Non-English),9,"Yo soy Betty, la fea","Yo soy Betty, la fea: Season 1",7650000,5
2021-11-14,TV (Non-English),10,Demon Slayer: Kimetsu no Yaiba,"Demon Slayer: Kimetsu no Yaiba: Tanjiro Kamado, Unwavering Resolve Arc",6060000,2
2021-11-07,Films (English),1,Army of Thieves,N/A,71610000,2
2021-11-07,Films (English),2,The Harder They Fall,N/A,64760000,1
2021-11-07,Films (English),3,Love Hard,N/A,40530000,1
2021-11-07,Films (English),4,Army of the Dead,N/A,16910000,2
2021-11-07,Films (English),5,Transformers: The Last Knight,N/A,13180000,1
2021-11-07,Films (English),6,21 Jump Street,N/A,11690000,1
2021-11-07,Films (English),7,Hypnotic,N/A,11140000,2
2021-11-07,Films (English),8,The Girl in the Spider's Web,N/A,6580000,1
2021-11-07,Films (English),9,Amina,N/A,6110000,1
2021-11-07,Films (English),10,Just Go With It,N/A,5740000,1
2021-11-07,Films (Non-English),1,Yara,N/A,11610000,1
2021-11-07,Films (Non-English),2,The Claus Family,N/A,6760000,1
2021-11-07,Films (Non-English),3,Stuck Together,N/A,5780000,3
2021-11-07,Films (Non-English),4,The Forgotten Battle,N/A,3860000,4
2021-11-07,Films (Non-English),5,Der Fall Collini,N/A,3230000,1
2021-11-07,Films (Non-English),6,Meenakshi Sundareshwar,N/A,2820000,1
2021-11-07,Films (Non-English),7,Nobody Sleeps in the Woods Tonight 2,N/A,2660000,2
2021-11-07,Films (Non-English),8,Monk Comes Down the Mountain,N/A,1590000,1
2021-11-07,Films (Non-English),9,The Trip,N/A,1540000,4
2021-11-07,Films (Non-English),10,Doctor (Tamil),N/A,1530000,1
2021-11-07,TV (English),1,You,You: Season 3,52590000,4
2021-11-07,TV (English),2,Maid,Maid: Limited Series,41290000,6
2021-11-07,TV (English),3,Locke & Key,Locke & Key: Season 2,32250000,3
2021-11-07,TV (English),4,Dynasty,Dynasty: Season 4,32050000,3
2021-11-07,TV (English),5,Narcos: Mexico,Narcos: Mexico: Season 3,28150000,1
2021-11-07,TV (English),6,You,You: Season 2,21660000,3
2021-11-07,TV (English),7,Maya and the Three,Maya and the Three: Limited Series,21470000,2
2021-11-07,TV (English),8,You,You: Season 1,20910000,4
2021-11-07,TV (English),9,Big Mouth,Big Mouth: Season 5,19570000,1
2021-11-07,TV (English),10,Locke & Key,Locke & Key: Season 1,15950000,3
2021-11-07,TV (Non-English),1,Squid Game,Squid Game: Season 1,65000000,8
2021-11-07,TV (Non-English),2,My Name,My Name: Season 1,18430000,4
2021-11-07,TV (Non-English),3,Hometown Cha-Cha-Cha,Hometown Cha-Cha-Cha: Season 1,16010000,10
2021-11-07,TV (Non-English),4,Carinha de Anjo,Carinha de Anjo: Season 1,14090000,5
2021-11-07,TV (Non-English),5,The Five Juanas,The Five Juanas: Season 1,13000000,5
2021-11-07,TV (Non-English),6,The King's Affection,The King's Affection: Season 1,11990000,3
2021-11-07,TV (Non-English),7,Sintonia,Sintonia: Season 2,11010000,2
2021-11-07,TV (Non-English),8,Luis Miguel - The Series,Luis Miguel - The Series: Season 3,9720000,2
2021-11-07,TV (Non-English),9,Demon Slayer: Kimetsu no Yaiba,"Demon Slayer: Kimetsu no Yaiba: Tanjiro Kamado, Unwavering Resolve Arc",7940000,1
2021-11-07,TV (Non-English),10,"Yo soy Betty, la fea","Yo soy Betty, la fea: Season 1",7710000,4
2021-10-31,Films (English),1,Army of Thieves,N/A,49640000,1
2021-10-31,Films (English),2,Hypnotic,N/A,24620000,1
2021-10-31,Films (English),3,Night Teeth,N/A,17010000,2
2021-10-31,Films (English),4,Final Score,N/A,9840000,1
2021-10-31,Films (English),5,King Arthur: Legend of the Sword,N/A,9150000,1
2021-10-31,Films (English),6,Only Mine,N/A,6670000,1
2021-10-31,Films (English),7,Army of the Dead,N/A,5780000,1
2021-10-31,Films (English),8,Bloodshot,N/A,5590000,1
2021-10-31,Films (English),9,A Dog's Journey,N/A,5320000,2
2021-10-31,Films (English),10,Venom,N/A,4190000,4
2021-10-31,Films (Non-English),1,Stuck Together,N/A,12000000,2
2021-10-31,Films (Non-English),2,The Forgotten Battle,N/A,8410000,3
2021-10-31,Films (Non-English),3,Nobody Sleeps in the Woods Tonight 2,N/A,6560000,1
2021-10-31,Films (Non-English),4,In for a Murder,N/A,4790000,2
2021-10-31,Films (Non-English),5,The Trip,N/A,3310000,3
2021-10-31,Films (Non-English),6,Nobody Sleeps in the Woods Tonight,N/A,1900000,1
2021-10-31,Films (Non-English),7,Friendzone,N/A,1410000,5
2021-10-31,Films (Non-English),8,The Four of Us,N/A,1190000,2
2021-10-31,Films (Non-English),9,Budapest,N/A,1190000,1
2021-10-31,Films (Non-English),10,Grudge,N/A,1110000,4
2021-10-31,TV (English),1,You,You: Season 3,82790000,3
2021-10-31,TV (English),2,Maid,Maid: Limited Series,56700000,5
2021-10-31,TV (English),3,Locke & Key,Locke & Key: Season 2,56490000,2
2021-10-31,TV (English),4,Dynasty,Dynasty: Season 4,47820000,2
2021-10-31,TV (English),5,Maya and the Three,Maya and the Three: Limited Series,34000000,1
2021-10-31,TV (English),6,You,You: Season 1,29880000,3
2021-10-31,TV (English),7,You,You: Season 2,28050000,2
2021-10-31,TV (English),8,Locke & Key,Locke & Key: Season 1,24590000,2
2021-10-31,TV (English),9,Inside Job,Inside Job: Part 1,21240000,1
2021-10-31,TV (English),10,CoComelon,CoComelon: Season 4,13710000,2
2021-10-31,TV (Non-English),1,Squid Game,Squid Game: Season 1,90100000,7
2021-10-31,TV (Non-English),2,My Name,My Name: Season 1,38580000,3
2021-10-31,TV (Non-English),3,Sintonia,Sintonia: Season 2,25890000,1
2021-10-31,TV (Non-English),4,The Five Juanas,The Five Juanas: Season 1,19410000,4
2021-10-31,TV (Non-English),5,Hometown Cha-Cha-Cha,Hometown Cha-Cha-Cha: Season 1,18290000,9
2021-10-31,TV (Non-English),6,Carinha de Anjo,Carinha de Anjo: Season 1,14070000,4
2021-10-31,TV (Non-English),7,Luis Miguel - The Series,Luis Miguel - The Series: Season 3,9990000,1
2021-10-31,TV (Non-English),8,The King's Affection,The King's Affection: Season 1,9740000,2
2021-10-31,TV (Non-English),9,Love Is Blind: Brazil,Love Is Blind: Brazil: Season 1,9130000,3
2021-10-31,TV (Non-English),10,The Chestnut Man,The Chestnut Man: Season 1,8910000,5
2021-10-24,Films (English),1,Night Teeth,N/A,31870000,1
2021-10-24,Films (English),2,Venom,N/A,7900000,3
2021-10-24,Films (English),3,What Happens in Vegas,N/A,7380000,1
2021-10-24,Films (English),4,A Dog's Journey,N/A,5760000,1
2021-10-24,Films (English),5,My Little Pony: A New Generation,N/A,5570000,5
2021-10-24,Films (English),6,Unfaithful,N/A,5350000,1
2021-10-24,Films (English),7,Going in Style,N/A,4520000,2
2021-10-24,Films (English),8,The Guilty,N/A,4400000,4
2021-10-24,Films (English),9,Street Kings,N/A,3440000,1
2021-10-24,Films (English),10,Hotel Transylvania 3: Summer Vacation,N/A,3430000,4
2021-10-24,Films (Non-English),1,The Forgotten Battle,N/A,25800000,2
2021-10-24,Films (Non-English),2,The Trip,N/A,11550000,2
2021-10-24,Films (Non-English),3,Stuck Together,N/A,9000000,1
2021-10-24,Films (Non-English),4,In for a Murder,N/A,6520000,1
2021-10-24,Films (Non-English),5,The Four of Us,N/A,4140000,1
2021-10-24,Films (Non-English),6,"My Brother, My Sister",N/A,2680000,3
2021-10-24,Films (Non-English),7,Grudge,N/A,2240000,3
2021-10-24,Films (Non-English),8,Friendzone,N/A,1910000,4
2021-10-24,Films (Non-English),9,Confessions of an Invisible Girl,N/A,1400000,5
2021-10-24,Films (Non-English),10,Beauty and the Beast,N/A,1150000,4
2021-10-24,TV (English),1,You,You: Season 3,179000000,2
2021-10-24,TV (English),2,Maid,Maid: Limited Series,79040000,4
2021-10-24,TV (English),3,You,You: Season 1,44810000,2
2021-10-24,TV (English),4,Locke & Key,Locke & Key: Season 2,35530000,1
2021-10-24,TV (English),5,You,You: Season 2,33120000,1
2021-10-24,TV (English),6,Dynasty,Dynasty: Season 4,19970000,1
2021-10-24,TV (English),7,Sex Education,Sex Education: Season 3,18380000,6
2021-10-24,TV (English),8,CoComelon,CoComelon: Season 4,15930000,1
2021-10-24,TV (English),9,Another Life,Another Life: Season 2,15760000,1
2021-10-24,TV (English),10,Locke & Key,Locke & Key: Season 1,15710000,1
2021-10-24,TV (Non-English),1,Squid Game,Squid Game: Season 1,147560000,6
2021-10-24,TV (Non-English),2,My Name,My Name: Season 1,84530000,2
2021-10-24,TV (Non-English),3,The Five Juanas,The Five Juanas: Season 1,34600000,3
2021-10-24,TV (Non-English),4,Hometown Cha-Cha-Cha,Hometown Cha-Cha-Cha: Season 1,31840000,8
2021-10-24,TV (Non-English),5,Love Is Blind: Brazil,Love Is Blind: Brazil: Season 1,16290000,2
2021-10-24,TV (Non-English),6,Carinha de Anjo,Carinha de Anjo: Season 1,13930000,3
2021-10-24,TV (Non-English),7,The Chestnut Man,The Chestnut Man: Season 1,12900000,4
2021-10-24,TV (Non-English),8,Alice in Borderland,Alice in Borderland: Season 1,8700000,5
2021-10-24,TV (Non-English),9,"Yo soy Betty, la fea","Yo soy Betty, la fea: Season 1",7710000,3
2021-10-24,TV (Non-English),10,The King's Affection,The King's Affection: Season 1,6950000,1
2021-10-17,Films (English),1,Venom,N/A,20400000,2
2021-10-17,Films (English),2,The Guilty,N/A,12590000,3
2021-10-17,Films (English),3,Security,N/A,9470000,2
2021-10-17,Films (English),4,My Little Pony: A New Generation,N/A,8220000,4
2021-10-17,Films (English),5,There's Someone Inside Your House,N/A,7380000,2
2021-10-17,Films (English),6,Pokémon the Movie: Secrets of the Jungle,N/A,7300000,2
2021-10-17,Films (English),7,Redemption,N/A,5800000,1
2021-10-17,Films (English),8,Going in Style,N/A,4950000,1
2021-10-17,Films (English),9,Titanic,N/A,4930000,2
2021-10-17,Films (English),10,Knight and Day,N/A,4770000,1
2021-10-17,Films (Non-English),1,The Forgotten Battle,N/A,21460000,1
2021-10-17,Films (Non-English),2,"My Brother, My Sister",N/A,7360000,2
2021-10-17,Films (Non-English),3,Grudge,N/A,6060000,2
2021-10-17,Films (Non-English),4,Fever Dream,N/A,6030000,1
2021-10-17,Films (Non-English),5,The Trip,N/A,3390000,1
2021-10-17,Films (Non-English),6,Friendzone,N/A,3340000,3
2021-10-17,Films (Non-English),7,Confessions of an Invisible Girl,N/A,2120000,4
2021-10-17,Films (Non-English),8,Tudo por um Pop Star,N/A,1870000,1
2021-10-17,Films (Non-English),9,Violet Evergarden the Movie,N/A,1800000,1
2021-10-17,Films (Non-English),10,Beauty and the Beast,N/A,1800000,3
2021-10-17,TV (English),1,You,You: Season 3,133120000,1
2021-10-17,TV (English),2,Maid,Maid: Limited Series,129280000,3
2021-10-17,TV (English),3,Sex Education,Sex Education: Season 3,28190000,5
2021-10-17,TV (English),4,Shameless (U.S.),Shameless (U.S.): Season 11,23530000,1
2021-10-17,TV (English),5,You,You: Season 1,23050000,1
2021-10-17,TV (English),6,Midnight Mass,Midnight Mass: Limited Series,20940000,4
2021-10-17,TV (English),7,A Tale Dark & Grimm,A Tale Dark & Grimm: Season 1,18730000,1
2021-10-17,TV (English),8,On My Block,On My Block: Season 4,17360000,2
2021-10-17,TV (English),9,The Baby-Sitters Club,The Baby-Sitters Club: Season 2,17030000,1
2021-10-17,TV (English),10,Grey's Anatomy,Grey's Anatomy: Season 17,15990000,3
2021-10-17,TV (Non-English),1,Squid Game,Squid Game: Season 1,258840000,5
2021-10-17,TV (Non-English),2,The Five Juanas,The Five Juanas: Season 1,62890000,2
2021-10-17,TV (Non-English),3,My Name,My Name: Season 1,41780000,1
2021-10-17,TV (Non-English),4,Hometown Cha-Cha-Cha,Hometown Cha-Cha-Cha: Season 1,37740000,7
2021-10-17,TV (Non-English),5,The Chestnut Man,The Chestnut Man: Season 1,20720000,3
2021-10-17,TV (Non-English),6,Alice in Borderland,Alice in Borderland: Season 1,16310000,4
2021-10-17,TV (Non-English),7,Love Is Blind: Brazil,Love Is Blind: Brazil: Season 1,13770000,1
2021-10-17,TV (Non-English),8,Carinha de Anjo,Carinha de Anjo: Season 1,12760000,2
2021-10-17,TV (Non-English),9,"Nevertheless,","Nevertheless,: Season 1",10080000,7
2021-10-17,TV (Non-English),10,House of Secrets: The Burari Deaths,House of Secrets: The Burari Deaths: Limited Series,9220000,1
2021-10-10,Films (English),1,The Guilty,N/A,42280000,2
2021-10-10,Films (English),2,There's Someone Inside Your House,N/A,20480000,1
2021-10-10,Films (English),3,Venom,N/A,13920000,1
2021-10-10,Films (English),4,My Little Pony: A New Generation,N/A,13370000,3
2021-10-10,Films (English),5,Titanic,N/A,10210000,1
2021-10-10,Films (English),6,Ride Along 2,N/A,8020000,1
2021-10-10,Films (English),7,Heat,N/A,7640000,1
2021-10-10,Films (English),8,Pokémon the Movie: Secrets of the Jungle,N/A,7520000,1
2021-10-10,Films (English),9,Mr. & Mrs. Smith,N/A,7180000,1
2021-10-10,Films (English),10,Security,N/A,6830000,1
2021-10-10,Films (Non-English),1,Friendzone,N/A,7210000,2
2021-10-10,Films (Non-English),2,The Seven Deadly Sins: Cursed by Light,N/A,4070000,2
2021-10-10,Films (Non-English),3,Sounds Like Love,N/A,3600000,2
2021-10-10,Films (Non-English),4,Confessions of an Invisible Girl,N/A,2730000,3
2021-10-10,Films (Non-English),5,Forever Rich,N/A,2540000,1
2021-10-10,Films (Non-English),6,Thalaivii,N/A,2110000,2
2021-10-10,Films (Non-English),7,Grudge,N/A,1940000,1
2021-10-10,Films (Non-English),8,Luccas Neto em: O Mapa do Tesouro 2,N/A,1830000,1
2021-10-10,Films (Non-English),9,Beauty and the Beast,N/A,1790000,2
2021-10-10,Films (Non-English),10,"My Brother, My Sister",N/A,1670000,1
2021-10-10,TV (English),1,Maid,Maid: Limited Series,166520000,2
2021-10-10,TV (English),2,On My Block,On My Block: Season 4,63520000,1
2021-10-10,TV (English),3,Sex Education,Sex Education: Season 3,42120000,4
2021-10-10,TV (English),4,Grey's Anatomy,Grey's Anatomy: Season 17,29650000,2
2021-10-10,TV (English),5,Midnight Mass,Midnight Mass: Limited Series,29020000,3
2021-10-10,TV (English),6,PAW Patrol,PAW Patrol: Season 6,19910000,1
2021-10-10,TV (English),7,Lucifer,Lucifer: Season 6,16730000,5
2021-10-10,TV (English),8,Dave Chappelle: The Closer,N/A,14350000,1
2021-10-10,TV (English),9,Sex Education,Sex Education: Season 2,12760000,3
2021-10-10,TV (English),10,Scaredy Cats,Scaredy Cats: Season 1,12520000,1
2021-10-10,TV (Non-English),1,Squid Game,Squid Game: Season 1,412940000,4
2021-10-10,TV (Non-English),2,The Five Juanas,The Five Juanas: Season 1,39460000,1
2021-10-10,TV (Non-English),3,Hometown Cha-Cha-Cha,Hometown Cha-Cha-Cha: Season 1,32890000,6
2021-10-10,TV (Non-English),4,The Chestnut Man,The Chestnut Man: Season 1,30300000,2
2021-10-10,TV (Non-English),5,Alice in Borderland,Alice in Borderland: Season 1,22220000,3
2021-10-10,TV (Non-English),6,Baki Hanma,Baki Hanma: Season 1,14560000,2
2021-10-10,TV (Non-English),7,Ganglands,Ganglands: Season 1,11210000,3
2021-10-10,TV (Non-English),8,Carinha de Anjo,Carinha de Anjo: Season 1,10240000,1
2021-10-10,TV (Non-English),9,Money Heist,Money Heist: Part 5,9730000,6
2021-10-10,TV (Non-English),10,"Nevertheless,","Nevertheless,: Season 1",8570000,6
2021-10-03,Films (English),1,The Guilty,N/A,47600000,1
2021-10-03,Films (English),2,My Little Pony: A New Generation,N/A,24510000,2
2021-10-03,Films (English),3,The Starling,N/A,20130000,2
2021-10-03,Films (English),4,No One Gets Out Alive,N/A,17010000,1
2021-10-03,Films (English),5,Britney Vs Spears,N/A,16750000,1
2021-10-03,Films (English),6,Intrusion,N/A,12050000,2
2021-10-03,Films (English),7,Grown Ups,N/A,8130000,2
2021-10-03,Films (English),8,Kate,N/A,5680000,4
2021-10-03,Films (English),9,Man on Fire,N/A,4960000,3
2021-10-03,Films (English),10,Vivo,N/A,4160000,7
2021-10-03,Films (Non-English),1,Friendzone,N/A,8740000,1
2021-10-03,Films (Non-English),2,Sounds Like Love,N/A,7100000,1
2021-10-03,Films (Non-English),3,Confessions of an Invisible Girl,N/A,6350000,2
2021-10-03,Films (Non-English),4,The Seven Deadly Sins: Cursed by Light,N/A,4650000,1
2021-10-03,Films (Non-English),5,Thalaivii,N/A,3120000,1
2021-10-03,Films (Non-English),6,The Father Who Moves Mountains,N/A,2940000,3
2021-10-03,Films (Non-English),7,Beauty and the Beast,N/A,2740000,1
2021-10-03,Films (Non-English),8,Je Suis Karl,N/A,2140000,1
2021-10-03,Films (Non-English),9,The Stronghold,N/A,1840000,3
2021-10-03,Films (Non-English),10,Freaks – You're One of Us,N/A,1450000,1
2021-10-03,TV (English),1,Sex Education,Sex Education: Season 3,72870000,3
2021-10-03,TV (English),2,Maid,Maid: Limited Series,61080000,1
2021-10-03,TV (English),3,Midnight Mass,Midnight Mass: Limited Series,59120000,2
2021-10-03,TV (English),4,Lucifer,Lucifer: Season 6,25110000,4
2021-10-03,TV (English),5,Grey's Anatomy,Grey's Anatomy: Season 17,18680000,1
2021-10-03,TV (English),6,Sex Education,Sex Education: Season 1,18420000,3
2021-10-03,TV (English),7,Sex Education,Sex Education: Season 2,18140000,2
2021-10-03,TV (English),8,Blood & Water,Blood & Water: Season 2,15870000,1
2021-10-03,TV (English),9,Clickbait,Clickbait: Limited Series,13210000,6
2021-10-03,TV (English),10,CoComelon,CoComelon: Season 3,10690000,5
2021-10-03,TV (Non-English),1,Squid Game,Squid Game: Season 1,571760000,3
2021-10-03,TV (Non-English),2,The Chestnut Man,The Chestnut Man: Season 1,31380000,1
2021-10-03,TV (Non-English),3,Hometown Cha-Cha-Cha,Hometown Cha-Cha-Cha: Season 1,28330000,5
2021-10-03,TV (Non-English),4,Ganglands,Ganglands: Season 1,27030000,2
2021-10-03,TV (Non-English),5,Alice in Borderland,Alice in Borderland: Season 1,26280000,2
2021-10-03,TV (Non-English),6,Baki Hanma,Baki Hanma: Season 1,20090000,1
2021-10-03,TV (Non-English),7,Money Heist,Money Heist: Part 5,14250000,5
2021-10-03,TV (Non-English),8,The Seven Deadly Sins,The Seven Deadly Sins: Dragon's Judgement,13420000,4
2021-10-03,TV (Non-English),9,Love 101,Love 101: Season 2,12600000,1
2021-10-03,TV (Non-English),10,Money Heist,Money Heist: Part 1,9370000,5
2021-09-26,Films (English),1,Intrusion,N/A,30040000,1
2021-09-26,Films (English),2,The Starling,N/A,16670000,1
2021-09-26,Films (English),3,My Little Pony: A New Generation,N/A,15510000,1
2021-09-26,Films (English),4,Man on Fire,N/A,12590000,2
2021-09-26,Films (English),5,Kate,N/A,11280000,3
2021-09-26,Films (English),6,Grown Ups,N/A,9250000,1
2021-09-26,Films (English),7,Schumacher,N/A,8040000,2
2021-09-26,Films (English),8,Nightbooks,N/A,6790000,2
2021-09-26,Films (English),9,Safe House,N/A,6230000,2
2021-09-26,Films (English),10,The Marksman,N/A,5210000,2
2021-09-26,Films (Non-English),1,The Father Who Moves Mountains,N/A,16120000,2
2021-09-26,Films (Non-English),2,The Stronghold,N/A,9490000,2
2021-09-26,Films (Non-English),3,Confessions of an Invisible Girl,N/A,7130000,1
2021-09-26,Films (Non-English),4,Prey,N/A,2330000,3
2021-09-26,Films (Non-English),5,Forgotten We'll Be,N/A,1580000,1
2021-09-26,Films (Non-English),6,Ankahi Kahaniya,N/A,1260000,1
2021-09-26,Films (Non-English),7,Blood Red Sky,N/A,1120000,9
2021-09-26,Films (Non-English),8,Pinkfong & Baby Shark's Space Adventure,N/A,1050000,2
2021-09-26,Films (Non-English),9,Xtreme,N/A,1030000,3
2021-09-26,Films (Non-English),10,Rurouni Kenshin: The Beginning,N/A,930000,7
2021-09-26,TV (English),1,Sex Education,Sex Education: Season 3,160420000,2
2021-09-26,TV (English),2,Lucifer,Lucifer: Season 6,42990000,3
2021-09-26,TV (English),3,Midnight Mass,Midnight Mass: Limited Series,33200000,1
2021-09-26,TV (English),4,Sex Education,Sex Education: Season 1,27380000,2
2021-09-26,TV (English),5,Clickbait,Clickbait: Limited Series,22150000,5
2021-09-26,TV (English),6,Sex Education,Sex Education: Season 2,22030000,1
2021-09-26,TV (English),7,The Circle,The Circle: Season 3,15850000,2
2021-09-26,TV (English),8,Monsters Inside: The 24 Faces of Billy Milligan,Monsters Inside: The 24 Faces of Billy Milligan: Limited Series,15150000,1
2021-09-26,TV (English),9,Good Girls,Good Girls: Season 4,12920000,4
2021-09-26,TV (English),10,Lucifer,Lucifer: Season 5,12180000,5
2021-09-26,TV (Non-English),1,Squid Game,Squid Game: Season 1,448730000,2
2021-09-26,TV (Non-English),2,Hometown Cha-Cha-Cha,Hometown Cha-Cha-Cha: Season 1,23360000,4
2021-09-26,TV (Non-English),3,Money Heist,Money Heist: Part 5,21830000,4
2021-09-26,TV (Non-English),4,Ganglands,Ganglands: Season 1,16260000,1
2021-09-26,TV (Non-English),5,The Seven Deadly Sins,The Seven Deadly Sins: Dragon's Judgement,14020000,3
2021-09-26,TV (Non-English),6,Money Heist,Money Heist: Part 1,12150000,4
2021-09-26,TV (Non-English),7,Jaguar,Jaguar: Season 1,11620000,1
2021-09-26,TV (Non-English),8,Alice in Borderland,Alice in Borderland: Season 1,10890000,1
2021-09-26,TV (Non-English),9,Money Heist,Money Heist: Part 4,8680000,4
2021-09-26,TV (Non-English),10,"Newly Rich, Newly Poor","Newly Rich, Newly Poor: Season 1",8410000,13
2021-09-19,Films (English),1,Kate,N/A,37400000,2
2021-09-19,Films (English),2,Schumacher,N/A,17290000,1
2021-09-19,Films (English),3,Man on Fire,N/A,16160000,1
2021-09-19,Films (English),4,The Marksman,N/A,14680000,1
2021-09-19,Films (English),5,Nightbooks,N/A,13160000,1
2021-09-19,Films (English),6,The Equalizer 2,N/A,12270000,1
2021-09-19,Films (English),7,Firedrake the Silver Dragon,N/A,9650000,1
2021-09-19,Films (English),8,Safe House,N/A,8170000,1
2021-09-19,Films (English),9,Afterlife of the Party,N/A,8100000,3
2021-09-19,Films (English),10,First Kill,N/A,6950000,1
2021-09-19,Films (Non-English),1,The Father Who Moves Mountains,N/A,14830000,1
2021-09-19,Films (Non-English),2,Prey,N/A,14270000,2
2021-09-19,Films (Non-English),3,The Stronghold,N/A,10360000,1
2021-09-19,Films (Non-English),4,JJ+E,N/A,3140000,2
2021-09-19,Films (Non-English),5,O Candidato Honesto 2,N/A,2610000,1
2021-09-19,Films (Non-English),6,Ilhados,N/A,2240000,1
2021-09-19,Films (Non-English),7,Love of My Loves,N/A,1880000,2
2021-09-19,Films (Non-English),8,Kung Fu Hustle,N/A,1800000,2
2021-09-19,Films (Non-English),9,The Women and the Murderer,N/A,1470000,2
2021-09-19,Films (Non-English),10,Amores perros,N/A,1450000,1
2021-09-19,TV (English),1,Sex Education,Sex Education: Season 3,125770000,1
2021-09-19,TV (English),2,Lucifer,Lucifer: Season 6,98140000,2
2021-09-19,TV (English),3,Clickbait,Clickbait: Limited Series,35020000,4
2021-09-19,TV (English),4,Good Girls,Good Girls: Season 4,19310000,3
2021-09-19,TV (English),5,Turning Point: 9/11 and the War on Terror,Turning Point: 9/11 and the War on Terror: Season 1,18720000,3
2021-09-19,TV (English),6,Lucifer,Lucifer: Season 5,16240000,4
2021-09-19,TV (English),7,Sex Education,Sex Education: Season 1,14880000,1
2021-09-19,TV (English),8,The Circle,The Circle: Season 3,14350000,1
2021-09-19,TV (English),9,Sharkdog,Sharkdog: Season 1,14180000,2
2021-09-19,TV (English),10,Lucifer,Lucifer: Season 1,11560000,1
2021-09-19,TV (Non-English),1,Squid Game,Squid Game: Season 1,63190000,1
2021-09-19,TV (Non-English),2,Money Heist,Money Heist: Part 5,39910000,3
2021-09-19,TV (Non-English),3,Money Heist,Money Heist: Part 1,19340000,3
2021-09-19,TV (Non-English),4,Hometown Cha-Cha-Cha,Hometown Cha-Cha-Cha: Season 1,18580000,3
2021-09-19,TV (Non-English),5,Hospital Playlist,Hospital Playlist: Season 2,13050000,7
2021-09-19,TV (Non-English),6,Money Heist,Money Heist: Part 4,12270000,3
2021-09-19,TV (Non-English),7,Money Heist,Money Heist: Part 2,11940000,2
2021-09-19,TV (Non-English),8,Money Heist,Money Heist: Part 3,11490000,3
2021-09-19,TV (Non-English),9,"Newly Rich, Newly Poor","Newly Rich, Newly Poor: Season 1",9320000,12
2021-09-19,TV (Non-English),10,Carrossel,N/A,7870000,10
2021-09-12,Films (English),1,Kate,N/A,38780000,1
2021-09-12,Films (English),2,Afterlife of the Party,N/A,23790000,2
2021-09-12,Films (English),3,Worth,N/A,13560000,2
2021-09-12,Films (English),4,He's All That,N/A,10930000,3
2021-09-12,Films (English),5,SAS: Rise of the Black Swan,N/A,9930000,3
2021-09-12,Films (English),6,In Time,N/A,8930000,2
2021-09-12,Films (English),7,Noah,N/A,7770000,1
2021-09-12,Films (English),8,Vivo,N/A,6960000,6
2021-09-12,Films (English),9,Sweet Girl,N/A,6570000,4
2021-09-12,Films (English),10,Monte Carlo,N/A,6200000,1
2021-09-12,Films (Non-English),1,Prey,N/A,13440000,1
2021-09-12,Films (Non-English),2,JJ+E,N/A,5410000,1
2021-09-12,Films (Non-English),3,Kung Fu Hustle,N/A,3250000,1
2021-09-12,Films (Non-English),4,Invasion,N/A,2990000,2
2021-09-12,Films (Non-English),5,The Women and the Murderer,N/A,2060000,1
2021-09-12,Films (Non-English),6,Blood Red Sky,N/A,1780000,8
2021-09-12,Films (Non-English),7,Love of My Loves,N/A,1530000,1
2021-09-12,Films (Non-English),8,The Secret Diary of an Exchange Student,N/A,1450000,4
2021-09-12,Films (Non-English),9,Out of my league,N/A,1440000,4
2021-09-12,Films (Non-English),10,Lassie Come Home,N/A,1410000,1
2021-09-12,TV (English),1,Lucifer,Lucifer: Season 6,75940000,1
2021-09-12,TV (English),2,Clickbait,Clickbait: Limited Series,54420000,3
2021-09-12,TV (English),3,Turning Point: 9/11 and the War on Terror,Turning Point: 9/11 and the War on Terror: Season 1,37910000,2
2021-09-12,TV (English),4,Good Girls,Good Girls: Season 4,31750000,2
2021-09-12,TV (English),5,Sharkdog,Sharkdog: Season 1,19590000,1
2021-09-12,TV (English),6,The 100,The 100: Season 7,12990000,2
2021-09-12,TV (English),7,Lucifer,Lucifer: Season 5,12260000,3
2021-09-12,TV (English),8,Octonauts: Above & Beyond,Octonauts: Above & Beyond: Season 1,11730000,1
2021-09-12,TV (English),9,Dive Club,Dive Club: Season 1,11480000,1
2021-09-12,TV (English),10,Manifest,Manifest: Season 3,11150000,3
2021-09-12,TV (Non-English),1,Money Heist,Money Heist: Part 5,123170000,2
2021-09-12,TV (Non-English),2,Money Heist,Money Heist: Part 1,38030000,2
2021-09-12,TV (Non-English),3,Money Heist,Money Heist: Part 2,16720000,1
2021-09-12,TV (Non-English),4,Money Heist,Money Heist: Part 4,16720000,2
2021-09-12,TV (Non-English),5,Hometown Cha-Cha-Cha,Hometown Cha-Cha-Cha: Season 1,14870000,2
2021-09-12,TV (Non-English),6,Money Heist,Money Heist: Part 3,14410000,2
2021-09-12,TV (Non-English),7,Hospital Playlist,Hospital Playlist: Season 2,11590000,6
2021-09-12,TV (Non-English),8,Into the Night,Into the Night: Season 2,10630000,1
2021-09-12,TV (Non-English),9,"Newly Rich, Newly Poor","Newly Rich, Newly Poor: Season 1",10350000,11
2021-09-12,TV (Non-English),10,Hotel Del Luna,Hotel Del Luna: Season 1,9980000,1
2021-09-05,Films (English),1,He's All That,N/A,36730000,2
2021-09-05,Films (English),2,SAS: Rise of the Black Swan,N/A,32730000,2
2021-09-05,Films (English),3,Afterlife of the Party,N/A,26710000,1
2021-09-05,Films (English),4,Sweet Girl,N/A,13390000,3
2021-09-05,Films (English),5,Vivo,N/A,9380000,5
2021-09-05,Films (English),6,The Loud House Movie,N/A,6640000,3
2021-09-05,Films (English),7,Worth,N/A,6480000,1
2021-09-05,Films (English),8,The Secret Life of Pets,N/A,6450000,3
2021-09-05,Films (English),9,In Time,N/A,6220000,1
2021-09-05,Films (English),10,Green Lantern,N/A,6060000,1
2021-09-05,Films (Non-English),1,Invasion,N/A,7340000,1
2021-09-05,Films (Non-English),2,Out of my league,N/A,2270000,3
2021-09-05,Films (Non-English),3,The Secret Diary of an Exchange Student,N/A,2100000,3
2021-09-05,Films (Non-English),4,Blood Red Sky,N/A,2080000,7
2021-09-05,Films (Non-English),5,Flu,N/A,1830000,1
2021-09-05,Films (Non-English),6,Black Island,N/A,1420000,3
2021-09-05,Films (Non-English),7,Rurouni Kenshin: The Beginning,N/A,1330000,6
2021-09-05,Films (Non-English),8,Thimmarusu,N/A,1220000,1
2021-09-05,Films (Non-English),9,I Don't Know Whether to Slit My Wrists or Leave Them Long,N/A,1130000,1
2021-09-05,Films (Non-English),10,Pinkfong & Baby Shark's Space Adventure,N/A,1120000,1
2021-09-05,TV (English),1,Clickbait,Clickbait: Limited Series,76540000,2
2021-09-05,TV (English),2,Good Girls,Good Girls: Season 4,37580000,1
2021-09-05,TV (English),3,Turning Point: 9/11 and the War on Terror,Turning Point: 9/11 and the War on Terror: Season 1,24050000,1
2021-09-05,TV (English),4,Manifest,Manifest: Season 3,15660000,2
2021-09-05,TV (English),5,The 100,The 100: Season 7,13590000,1
2021-09-05,TV (English),6,Outer Banks,Outer Banks: Season 2,12910000,6
2021-09-05,TV (English),7,CoComelon,CoComelon: Season 3,11050000,4
2021-09-05,TV (English),8,Manifest,Manifest: Season 1,10320000,6
2021-09-05,TV (English),9,Good Girls,Good Girls: Season 1,9590000,1
2021-09-05,TV (English),10,CoComelon,CoComelon: Season 1,9140000,1
2021-09-05,TV (Non-English),1,Money Heist,Money Heist: Part 5,201910000,1
2021-09-05,TV (Non-English),2,Money Heist,Money Heist: Part 1,22710000,1
2021-09-05,TV (Non-English),3,D.P.,D.P.: Season 1,19170000,2
2021-09-05,TV (Non-English),4,Money Heist,Money Heist: Part 4,14870000,1
2021-09-05,TV (Non-English),5,The Snitch Cartel: Origins,The Snitch Cartel: Origins: Season 1,11530000,6
2021-09-05,TV (Non-English),6,"Newly Rich, Newly Poor","Newly Rich, Newly Poor: Season 1",11100000,10
2021-09-05,TV (Non-English),7,Hometown Cha-Cha-Cha,Hometown Cha-Cha-Cha: Season 1,9630000,1
2021-09-05,TV (Non-English),8,Carrossel,N/A,9010000,9
2021-09-05,TV (Non-English),9,"Yo soy Betty, la fea","Yo soy Betty, la fea: Season 1",7200000,2
2021-09-05,TV (Non-English),10,Money Heist,Money Heist: Part 3,7070000,1
2021-08-29,Films (English),1,Sweet Girl,N/A,48140000,2
2021-08-29,Films (English),2,He's All That,N/A,42810000,1
2021-08-29,Films (English),3,SAS: Rise of the Black Swan,N/A,35650000,1
2021-08-29,Films (English),4,The Loud House Movie,N/A,16910000,2
2021-08-29,Films (English),5,The Old Ways,N/A,13720000,1
2021-08-29,Films (English),6,Vivo,N/A,13430000,4
2021-08-29,Films (English),7,The Witcher: Nightmare of the Wolf,N/A,13300000,1
2021-08-29,Films (English),8,The Secret Life of Pets,N/A,10860000,2
2021-08-29,Films (English),9,The Kissing Booth 3,N/A,9560000,3
2021-08-29,Films (English),10,Tomb Raider,N/A,8430000,1
2021-08-29,Films (Non-English),1,Black Island,N/A,6570000,2
2021-08-29,Films (Non-English),2,Out of my league,N/A,5790000,2
2021-08-29,Films (Non-English),3,The Secret Diary of an Exchange Student,N/A,5090000,2
2021-08-29,Films (Non-English),4,Blood Red Sky,N/A,3020000,6
2021-08-29,Films (Non-English),5,Rurouni Kenshin: The Beginning,N/A,2280000,5
2021-08-29,Films (Non-English),6,The Last Mercenary,N/A,2000000,5
2021-08-29,Films (Non-English),7,El infierno,N/A,1560000,4
2021-08-29,Films (Non-English),8,Mimi,N/A,1510000,5
2021-08-29,Films (Non-English),9,Bartkowiak,N/A,1460000,3
2021-08-29,Films (Non-English),10,Shiny_Flakes: The Teenage Drug Lord,N/A,1440000,4
2021-08-29,TV (English),1,Clickbait,Clickbait: Limited Series,51280000,1
2021-08-29,TV (English),2,Outer Banks,Outer Banks: Season 2,20790000,5
2021-08-29,TV (English),3,Manifest,Manifest: Season 3,17740000,1
2021-08-29,TV (English),4,The Chair,The Chair: Season 1,14020000,1
2021-08-29,TV (English),5,Outer Banks,Outer Banks: Season 1,13860000,5
2021-08-29,TV (English),6,Manifest,Manifest: Season 1,12410000,5
2021-08-29,TV (English),7,For Life,For Life: Season 1,11180000,3
2021-08-29,TV (English),8,CoComelon,CoComelon: Season 3,11030000,3
2021-08-29,TV (English),9,All American,All American: Season 3,10480000,5
2021-08-29,TV (English),10,Hit & Run,Hit & Run: Season 1,10090000,4
2021-08-29,TV (Non-English),1,The Snitch Cartel: Origins,The Snitch Cartel: Origins: Season 1,15480000,5
2021-08-29,TV (Non-English),2,"Newly Rich, Newly Poor","Newly Rich, Newly Poor: Season 1",12120000,9
2021-08-29,TV (Non-English),3,AlRawabi School for Girls,AlRawabi School for Girls: Limited Series,11500000,3
2021-08-29,TV (Non-English),4,Hospital Playlist,Hospital Playlist: Season 2,10980000,5
2021-08-29,TV (Non-English),5,Carrossel,N/A,9750000,8
2021-08-29,TV (Non-English),6,Valeria,Valeria: Season 2,9020000,3
2021-08-29,TV (Non-English),7,D.P.,D.P.: Season 1,8430000,1
2021-08-29,TV (Non-English),8,Open Your Eyes,Open Your Eyes: Season 1,8220000,1
2021-08-29,TV (Non-English),9,The Cook of Castamar,The Cook of Castamar: Season 1,7550000,8
2021-08-29,TV (Non-English),10,"Yo soy Betty, la fea","Yo soy Betty, la fea: Season 1",7340000,1
2021-08-22,Films (English),1,Sweet Girl,N/A,57160000,1
2021-08-22,Films (English),2,The Kissing Booth 3,N/A,26170000,2
2021-08-22,Films (English),3,Beckett,N/A,23870000,2
2021-08-22,Films (English),4,Vivo,N/A,21960000,3
2021-08-22,Films (English),5,The Loud House Movie,N/A,13860000,1
2021-08-22,Films (English),6,The Secret Life of Pets,N/A,10110000,1
2021-08-22,Films (English),7,Hotel Transylvania 3: Summer Vacation,N/A,8550000,3
2021-08-22,Films (English),8,Alvin and the Chipmunks: Chipwrecked,N/A,6870000,1
2021-08-22,Films (English),9,The Girl Next Door,N/A,6480000,1
2021-08-22,Films (English),10,Resort to Love,N/A,6320000,4
2021-08-22,Films (Non-English),1,Black Island,N/A,17330000,1
2021-08-22,Films (Non-English),2,The Secret Diary of an Exchange Student,N/A,7910000,1
2021-08-22,Films (Non-English),3,Out of my league,N/A,7120000,1
2021-08-22,Films (Non-English),4,Blood Red Sky,N/A,4520000,5
2021-08-22,Films (Non-English),5,Rurouni Kenshin: The Beginning,N/A,3630000,4
2021-08-22,Films (Non-English),6,The Last Mercenary,N/A,3340000,4
2021-08-22,Films (Non-English),7,Sputnik,N/A,3290000,1
2021-08-22,Films (Non-English),8,El infierno,N/A,2650000,3
2021-08-22,Films (Non-English),9,Mimi,N/A,2340000,4
2021-08-22,Films (Non-English),10,Shiny_Flakes: The Teenage Drug Lord,N/A,2250000,3
2021-08-22,TV (English),1,Outer Banks,Outer Banks: Season 2,31800000,4
2021-08-22,TV (English),2,Hit & Run,Hit & Run: Season 1,20660000,3
2021-08-22,TV (English),3,Outer Banks,Outer Banks: Season 1,20300000,4
2021-08-22,TV (English),4,All American,All American: Season 3,14990000,4
2021-08-22,TV (English),5,For Life,For Life: Season 1,14540000,2
2021-08-22,TV (English),6,Bake Squad,Bake Squad: Season 1,13220000,1
2021-08-22,TV (English),7,Gabby's Dollhouse,Gabby's Dollhouse: Season 2,12180000,2
2021-08-22,TV (English),8,Brand New Cherry Flavor,Brand New Cherry Flavor: Limited Series,11140000,1
2021-08-22,TV (English),9,CoComelon,CoComelon: Season 3,10990000,2
2021-08-22,TV (English),10,The Good Doctor,The Good Doctor: Season 1,10430000,6
2021-08-22,TV (Non-English),1,The Snitch Cartel: Origins,The Snitch Cartel: Origins: Season 1,19260000,4
2021-08-22,TV (Non-English),2,AlRawabi School for Girls,AlRawabi School for Girls: Limited Series,18070000,2
2021-08-22,TV (Non-English),3,Valeria,Valeria: Season 2,15640000,2
2021-08-22,TV (Non-English),4,Gone for Good,Gone for Good: Limited Series,14920000,2
2021-08-22,TV (Non-English),5,"Newly Rich, Newly Poor","Newly Rich, Newly Poor: Season 1",12080000,8
2021-08-22,TV (Non-English),6,Hospital Playlist,Hospital Playlist: Season 2,10340000,4
2021-08-22,TV (Non-English),7,Carrossel,N/A,9860000,7
2021-08-22,TV (Non-English),8,"Nevertheless,","Nevertheless,: Season 1",9030000,5
2021-08-22,TV (Non-English),9,The Cook of Castamar,The Cook of Castamar: Season 1,8820000,7
2021-08-22,TV (Non-English),10,Control Z,Control Z: Season 2,8250000,3
2021-08-15,Films (English),1,The Kissing Booth 3,N/A,90860000,1
2021-08-15,Films (English),2,Vivo,N/A,37050000,2
2021-08-15,Films (English),3,Beckett,N/A,23580000,1
2021-08-15,Films (English),4,Hotel Transylvania 3: Summer Vacation,N/A,21460000,2
2021-08-15,Films (English),5,Aftermath,N/A,15870000,2
2021-08-15,Films (English),6,Resort to Love,N/A,9860000,3
2021-08-15,Films (English),7,The Kissing Booth,N/A,8590000,1
2021-08-15,Films (English),8,The Kissing Booth 2,N/A,8370000,1
2021-08-15,Films (English),9,Dead Man Down,N/A,7580000,2
2021-08-15,Films (English),10,Untold: Malice at the Palace,N/A,6450000,1
2021-08-15,Films (Non-English),1,The Swarm,N/A,11470000,2
2021-08-15,Films (Non-English),2,The Last Mercenary,N/A,7570000,3
2021-08-15,Films (Non-English),3,Rurouni Kenshin: The Beginning,N/A,6550000,3
2021-08-15,Films (Non-English),4,Blood Red Sky,N/A,6470000,4
2021-08-15,Films (Non-English),5,El infierno,N/A,4890000,2
2021-08-15,Films (Non-English),6,Mimi,N/A,3630000,3
2021-08-15,Films (Non-English),7,Shiny_Flakes: The Teenage Drug Lord,N/A,3440000,2
2021-08-15,Films (Non-English),8,Rurouni Kenshin: The Final,N/A,2820000,3
2021-08-15,Films (Non-English),9,Navarasa,Navarasa: Volume 1,2800000,2
2021-08-15,Films (Non-English),10,Kingdom: Ashin of the North,N/A,2190000,4
2021-08-15,TV (English),1,Outer Banks,Outer Banks: Season 2,51600000,3
2021-08-15,TV (English),2,Hit & Run,Hit & Run: Season 1,45190000,2
2021-08-15,TV (English),3,Outer Banks,Outer Banks: Season 1,30390000,3
2021-08-15,TV (English),4,All American,All American: Season 3,20870000,3
2021-08-15,TV (English),5,Cocaine Cowboys: The Kings of Miami,Cocaine Cowboys: The Kings of Miami: Limited Series,13870000,2
2021-08-15,TV (English),6,For Life,For Life: Season 1,13790000,1
2021-08-15,TV (English),7,Virgin River,Virgin River: Season 3,13220000,6
2021-08-15,TV (English),8,Gabby's Dollhouse,Gabby's Dollhouse: Season 2,13170000,1
2021-08-15,TV (English),9,Sex/Life,Sex/Life: Season 1,12190000,7
2021-08-15,TV (English),10,The Good Doctor,The Good Doctor: Season 1,11810000,5
2021-08-15,TV (Non-English),1,The Snitch Cartel: Origins,The Snitch Cartel: Origins: Season 1,23830000,3
2021-08-15,TV (Non-English),2,Control Z,Control Z: Season 2,16400000,2
2021-08-15,TV (Non-English),3,SHAMAN KING,SHAMAN KING: Season 1,12970000,1
2021-08-15,TV (Non-English),4,"Newly Rich, Newly Poor","Newly Rich, Newly Poor: Season 1",12750000,7
2021-08-15,TV (Non-English),5,The Cook of Castamar,The Cook of Castamar: Season 1,11950000,6
2021-08-15,TV (Non-English),6,AlRawabi School for Girls,AlRawabi School for Girls: Limited Series,11620000,1
2021-08-15,TV (Non-English),7,Carrossel,N/A,10640000,6
2021-08-15,TV (Non-English),8,Gone for Good,Gone for Good: Limited Series,9750000,1
2021-08-15,TV (Non-English),9,Valeria,Valeria: Season 2,9600000,1
2021-08-15,TV (Non-English),10,Hospital Playlist,Hospital Playlist: Season 2,9500000,3
2021-08-08,Films (English),1,Aftermath,N/A,24200000,1
2021-08-08,Films (English),2,Resort to Love,N/A,23480000,2
2021-08-08,Films (English),3,Vivo,N/A,21940000,1
2021-08-08,Films (English),4,The Vault,N/A,10870000,1
2021-08-08,Films (English),5,The Last Letter From Your Lover,N/A,6850000,3
2021-08-08,Films (English),6,Hotel Transylvania 3: Summer Vacation,N/A,6250000,1
2021-08-08,Films (English),7,Dead Man Down,N/A,5840000,1
2021-08-08,Films (English),8,Wish Dragon,N/A,5150000,5
2021-08-08,Films (English),9,World Trade Center,N/A,4870000,1
2021-08-08,Films (English),10,The 2nd,N/A,4390000,1
2021-08-08,Films (Non-English),1,The Last Mercenary,N/A,23890000,2
2021-08-08,Films (Non-English),2,Rurouni Kenshin: The Beginning,N/A,15080000,2
2021-08-08,Films (Non-English),3,Blood Red Sky,N/A,13300000,3
2021-08-08,Films (Non-English),4,The Swarm,N/A,11380000,1
2021-08-08,Films (Non-English),5,Mimi,N/A,5140000,2
2021-08-08,Films (Non-English),6,Bartkowiak,N/A,4570000,2
2021-08-08,Films (Non-English),7,El infierno,N/A,4420000,1
2021-08-08,Films (Non-English),8,Navarasa,Navarasa: Volume 1,3520000,1
2021-08-08,Films (Non-English),9,Kingdom: Ashin of the North,N/A,3450000,3
2021-08-08,Films (Non-English),10,Shiny_Flakes: The Teenage Drug Lord,N/A,3340000,1
2021-08-08,TV (English),1,Outer Banks,Outer Banks: Season 2,105330000,2
2021-08-08,TV (English),2,Outer Banks,Outer Banks: Season 1,45080000,2
2021-08-08,TV (English),3,All American,All American: Season 3,33020000,2
2021-08-08,TV (English),4,Hit & Run,Hit & Run: Season 1,23570000,1
2021-08-08,TV (English),5,Cocaine Cowboys: The Kings of Miami,Cocaine Cowboys: The Kings of Miami: Limited Series,18890000,1
2021-08-08,TV (English),6,Virgin River,Virgin River: Season 3,18840000,5
2021-08-08,TV (English),7,Top Secret UFO Projects: Declassified,Top Secret UFO Projects: Declassified: Season 1,17040000,1
2021-08-08,TV (English),8,Sex/Life,Sex/Life: Season 1,15500000,6
2021-08-08,TV (English),9,The Good Doctor,The Good Doctor: Season 1,14090000,4
2021-08-08,TV (English),10,Car Masters: Rust to Riches,Car Masters: Rust to Riches: Season 3,13930000,1
2021-08-08,TV (Non-English),1,The Snitch Cartel: Origins,The Snitch Cartel: Origins: Season 1,26880000,2
2021-08-08,TV (Non-English),2,Control Z,Control Z: Season 2,25430000,1
2021-08-08,TV (Non-English),3,The Cook of Castamar,The Cook of Castamar: Season 1,15800000,5
2021-08-08,TV (Non-English),4,"Newly Rich, Newly Poor","Newly Rich, Newly Poor: Season 1",14510000,6
2021-08-08,TV (Non-English),5,Carrossel,N/A,11280000,5
2021-08-08,TV (Non-English),6,Hunter X Hunter (2011),Hunter X Hunter (2011): Season 5,9610000,1
2021-08-08,TV (Non-English),7,Control Z,Control Z: Season 1,8580000,1
2021-08-08,TV (Non-English),8,How to Sell Drugs Online (Fast),How to Sell Drugs Online (Fast): Season 3,8580000,2
2021-08-08,TV (Non-English),9,"Nevertheless,","Nevertheless,: Season 1",7960000,4
2021-08-08,TV (Non-English),10,Too Hot to Handle: Brazil,Too Hot to Handle: Brazil: Season 1,7470000,3
2021-08-01,Films (English),1,Resort to Love,N/A,28050000,1
2021-08-01,Films (English),2,The Last Letter From Your Lover,N/A,18890000,2
2021-08-01,Films (English),3,Trollhunters: Rise of the Titans,N/A,8960000,2
2021-08-01,Films (English),4,Fear Street Part 1: 1994,N/A,6570000,5
2021-08-01,Films (English),5,Wish Dragon,N/A,6290000,4
2021-08-01,Films (English),6,Fear Street Part 3: 1666,N/A,6190000,3
2021-08-01,Films (English),7,Fear Street Part 2: 1978,N/A,5840000,4
2021-08-01,Films (English),8,Twilight,N/A,5600000,3
2021-08-01,Films (English),9,The Twilight Saga: Breaking Dawn: Part 2,N/A,4960000,2
2021-08-01,Films (English),10,The Twilight Saga: New Moon,N/A,4810000,2
2021-08-01,Films (Non-English),1,Blood Red Sky,N/A,52370000,2
2021-08-01,Films (Non-English),2,The Last Mercenary,N/A,16120000,1
2021-08-01,Films (Non-English),3,Kingdom: Ashin of the North,N/A,15120000,2
2021-08-01,Films (Non-English),4,Mimi,N/A,9210000,1
2021-08-01,Films (Non-English),5,Bartkowiak,N/A,9210000,1
2021-08-01,Films (Non-English),6,Rurouni Kenshin: The Beginning,N/A,8610000,1
2021-08-01,Films (Non-English),7,Chernobyl 1986,N/A,5570000,2
2021-08-01,Films (Non-English),8,A Perfect Fit,N/A,3130000,3
2021-08-01,Films (Non-English),9,Major Grom: Plague Doctor,N/A,2770000,4
2021-08-01,Films (Non-English),10,Words Bubble Up Like Soda Pop,N/A,2180000,1
2021-08-01,TV (English),1,Outer Banks,Outer Banks: Season 2,100160000,1
2021-08-01,TV (English),2,All American,All American: Season 3,43970000,1
2021-08-01,TV (English),3,Virgin River,Virgin River: Season 3,28320000,4
2021-08-01,TV (English),4,Outer Banks,Outer Banks: Season 1,26240000,1
2021-08-01,TV (English),5,Never Have I Ever,Never Have I Ever: Season 2,23570000,3
2021-08-01,TV (English),6,Sex/Life,Sex/Life: Season 1,21620000,5
2021-08-01,TV (English),7,Love Is Blind,Love Is Blind: Season 1,19370000,1
2021-08-01,TV (English),8,The Good Doctor,The Good Doctor: Season 1,18510000,3
2021-08-01,TV (English),9,The Walking Dead,The Walking Dead: Season 10,15050000,1
2021-08-01,TV (English),10,The Good Doctor,The Good Doctor: Season 2,13240000,1
2021-08-01,TV (Non-English),1,The Cook of Castamar,The Cook of Castamar: Season 1,24170000,4
2021-08-01,TV (Non-English),2,"Newly Rich, Newly Poor","Newly Rich, Newly Poor: Season 1",16700000,5
2021-08-01,TV (Non-English),3,How to Sell Drugs Online (Fast),How to Sell Drugs Online (Fast): Season 3,16470000,1
2021-08-01,TV (Non-English),4,Sky Rojo,Sky Rojo: Season 2,15660000,2
2021-08-01,TV (Non-English),5,The Snitch Cartel: Origins,The Snitch Cartel: Origins: Season 1,15150000,1
2021-08-01,TV (Non-English),6,Too Hot to Handle: Brazil,Too Hot to Handle: Brazil: Season 1,14230000,2
2021-08-01,TV (Non-English),7,Carrossel,N/A,12730000,4
2021-08-01,TV (Non-English),8,"Nevertheless,","Nevertheless,: Season 1",7710000,3
2021-08-01,TV (Non-English),9,Chiquititas,N/A,7020000,1
2021-08-01,TV (Non-English),10,Elite,Elite: Season 4,6920000,5
2021-07-25,Films (English),1,Trollhunters: Rise of the Titans,N/A,16130000,1
2021-07-25,Films (English),2,The Last Letter From Your Lover,N/A,13140000,1
2021-07-25,Films (English),3,Fear Street Part 3: 1666,N/A,12350000,2
2021-07-25,Films (English),4,Twilight,N/A,12260000,2
2021-07-25,Films (English),5,The Twilight Saga: New Moon,N/A,10050000,1
2021-07-25,Films (English),6,Fear Street Part 1: 1994,N/A,9240000,4
2021-07-25,Films (English),7,Fear Street Part 2: 1978,N/A,9100000,3
2021-07-25,Films (English),8,The Twilight Saga: Eclipse,N/A,8960000,1
2021-07-25,Films (English),9,The Twilight Saga: Breaking Dawn: Part 2,N/A,8940000,1
2021-07-25,Films (English),10,The Twilight Saga: Breaking Dawn: Part 1,N/A,7990000,1
2021-07-25,Films (Non-English),1,Blood Red Sky,N/A,35930000,1
2021-07-25,Films (Non-English),2,Kingdom: Ashin of the North,N/A,16380000,1
2021-07-25,Films (Non-English),3,Chernobyl 1986,N/A,8250000,1
2021-07-25,Films (Non-English),4,A Perfect Fit,N/A,8000000,2
2021-07-25,Films (Non-English),5,Major Grom: Plague Doctor,N/A,7190000,3
2021-07-25,Films (Non-English),6,The Guide to the Perfect Family,N/A,4580000,2
2021-07-25,Films (Non-English),7,A Classic Horror Story,N/A,4060000,2
2021-07-25,Films (Non-English),8,Deep,N/A,3200000,1
2021-07-25,Films (Non-English),9,Tô Ryca,N/A,2930000,2
2021-07-25,Films (Non-English),10,Haseen Dillruba,N/A,2620000,4
2021-07-25,TV (English),1,Never Have I Ever,Never Have I Ever: Season 2,50190000,2
2021-07-25,TV (English),2,Virgin River,Virgin River: Season 3,44890000,3
2021-07-25,TV (English),3,Sex/Life,Sex/Life: Season 1,31200000,4
2021-07-25,TV (English),4,The Good Doctor,The Good Doctor: Season 1,25520000,2
2021-07-25,TV (English),5,Never Have I Ever,Never Have I Ever: Season 1,17400000,1
2021-07-25,TV (English),6,Manifest,Manifest: Season 1,16220000,4
2021-07-25,TV (English),7,Atypical,Atypical: Season 4,15920000,3
2021-07-25,TV (English),8,Heist,Heist: Season 1,15390000,2
2021-07-25,TV (English),9,Virgin River,Virgin River: Season 1,14360000,3
2021-07-25,TV (English),10,Virgin River,Virgin River: Season 2,13770000,2
2021-07-25,TV (Non-English),1,The Cook of Castamar,The Cook of Castamar: Season 1,36650000,3
2021-07-25,TV (Non-English),2,"Newly Rich, Newly Poor","Newly Rich, Newly Poor: Season 1",19070000,4
2021-07-25,TV (Non-English),3,Sky Rojo,Sky Rojo: Season 2,12980000,1
2021-07-25,TV (Non-English),4,Carrossel,N/A,12150000,3
2021-07-25,TV (Non-English),5,The War Next-door,The War Next-door: Season 1,9730000,3
2021-07-25,TV (Non-English),6,Too Hot to Handle: Brazil,Too Hot to Handle: Brazil: Season 1,9450000,1
2021-07-25,TV (Non-English),7,Elite,Elite: Season 4,9410000,4
2021-07-25,TV (Non-English),8,Hospital Playlist,Hospital Playlist: Season 2,8070000,2
2021-07-25,TV (Non-English),9,"Nevertheless,","Nevertheless,: Season 1",7880000,2
2021-07-25,TV (Non-English),10,Lupin,Lupin: Part 2,6840000,4
2021-07-18,Films (English),1,Fear Street Part 3: 1666,N/A,20080000,1
2021-07-18,Films (English),2,Fear Street Part 2: 1978,N/A,16820000,2
2021-07-18,Films (English),3,Fear Street Part 1: 1994,N/A,14370000,3
2021-07-18,Films (English),4,Gunpowder Milkshake,N/A,11770000,1
2021-07-18,Films (English),5,The Water Man,N/A,11630000,1
2021-07-18,Films (English),6,This Little Love Of Mine,N/A,8810000,2
2021-07-18,Films (English),7,Wish Dragon,N/A,8550000,3
2021-07-18,Films (English),8,Fatherhood,N/A,7790000,3
2021-07-18,Films (English),9,Twilight,N/A,7170000,1
2021-07-18,Films (English),10,Rust Creek,N/A,6560000,1
2021-07-18,Films (Non-English),1,Major Grom: Plague Doctor,N/A,21050000,2
2021-07-18,Films (Non-English),2,How I Became a Superhero,N/A,9860000,2
2021-07-18,Films (Non-English),3,A Classic Horror Story,N/A,9090000,1
2021-07-18,Films (Non-English),4,The Guide to the Perfect Family,N/A,5130000,1
2021-07-18,Films (Non-English),5,Haseen Dillruba,N/A,4430000,3
2021-07-18,Films (Non-English),6,A Perfect Fit,N/A,3170000,1
2021-07-18,Films (Non-English),7,Last Summer,N/A,2420000,2
2021-07-18,Films (Non-English),8,Tô Ryca,N/A,2210000,1
2021-07-18,Films (Non-English),9,The 8th Night,N/A,1860000,3
2021-07-18,Films (Non-English),10,Silver Skates,N/A,1780000,3
2021-07-18,TV (English),1,Virgin River,Virgin River: Season 3,87270000,2
2021-07-18,TV (English),2,Never Have I Ever,Never Have I Ever: Season 2,58380000,1
2021-07-18,TV (English),3,Sex/Life,Sex/Life: Season 1,45000000,3
2021-07-18,TV (English),4,Atypical,Atypical: Season 4,29680000,2
2021-07-18,TV (English),5,Manifest,Manifest: Season 1,21350000,3
2021-07-18,TV (English),6,Virgin River,Virgin River: Season 1,20080000,2
2021-07-18,TV (English),7,The Good Doctor,The Good Doctor: Season 1,18980000,1
2021-07-18,TV (English),8,Heist,Heist: Season 1,18710000,1
2021-07-18,TV (English),9,Virgin River,Virgin River: Season 2,17000000,1
2021-07-18,TV (English),10,Too Hot to Handle,Too Hot to Handle: Season 2,16110000,3
2021-07-18,TV (Non-English),1,The Cook of Castamar,The Cook of Castamar: Season 1,51570000,2
2021-07-18,TV (Non-English),2,"Newly Rich, Newly Poor","Newly Rich, Newly Poor: Season 1",21450000,3
2021-07-18,TV (Non-English),3,The War Next-door,The War Next-door: Season 1,14360000,2
2021-07-18,TV (Non-English),4,Elite,Elite: Season 4,14240000,3
2021-07-18,TV (Non-English),5,Elize Matsunaga: Once Upon a Crime,Elize Matsunaga: Once Upon a Crime: Season 1,12510000,2
2021-07-18,TV (Non-English),6,Carrossel,N/A,11620000,2
2021-07-18,TV (Non-English),7,Lupin,Lupin: Part 2,9280000,3
2021-07-18,TV (Non-English),8,Hospital Playlist,Hospital Playlist: Season 2,8530000,1
2021-07-18,TV (Non-English),9,"Nevertheless,","Nevertheless,: Season 1",8130000,1
2021-07-18,TV (Non-English),10,Biohackers,Biohackers: Season 2,7500000,1
2021-07-11,Films (English),1,Fear Street Part 1: 1994,N/A,19550000,2
2021-07-11,Films (English),2,Fear Street Part 2: 1978,N/A,16060000,1
2021-07-11,Films (English),3,Fatherhood,N/A,12830000,2
2021-07-11,Films (English),4,Warcraft,N/A,10990000,2
2021-07-11,Films (English),5,Wish Dragon,N/A,10590000,2
2021-07-11,Films (English),6,This Little Love Of Mine,N/A,9390000,1
2021-07-11,Films (English),7,Mother's Day,N/A,9200000,1
2021-07-11,Films (English),8,Kung Fu Panda 3,N/A,8860000,2
2021-07-11,Films (English),9,How to Train Your Dragon: The Hidden World,N/A,8860000,1
2021-07-11,Films (English),10,The Huntsman: Winter's War,N/A,7460000,1
2021-07-11,Films (Non-English),1,Major Grom: Plague Doctor,N/A,26150000,1
2021-07-11,Films (Non-English),2,Haseen Dillruba,N/A,10210000,2
2021-07-11,Films (Non-English),3,How I Became a Superhero,N/A,8820000,1
2021-07-11,Films (Non-English),4,The 8th Night,N/A,5960000,2
2021-07-11,Films (Non-English),5,Silver Skates,N/A,3110000,2
2021-07-11,Films (Non-English),6,Rurouni Kenshin: The Final,N/A,2570000,2
2021-07-11,Films (Non-English),7,Dynasty Warriors,N/A,2420000,2
2021-07-11,Films (Non-English),8,Xtreme,N/A,1710000,2
2021-07-11,Films (Non-English),9,O Candidato Honesto,N/A,1280000,1
2021-07-11,Films (Non-English),10,Last Summer,N/A,1270000,1
2021-07-11,TV (English),1,Sex/Life,Sex/Life: Season 1,69860000,2
2021-07-11,TV (English),2,Virgin River,Virgin River: Season 3,62580000,1
2021-07-11,TV (English),3,Too Hot to Handle,Too Hot to Handle: Season 2,33420000,2
2021-07-11,TV (English),4,Manifest,Manifest: Season 1,31940000,2
2021-07-11,TV (English),5,Pokémon Journeys: The Series,Pokémon Journeys: The Series: Season 1,21870000,2
2021-07-11,TV (English),6,Atypical,Atypical: Season 4,20620000,1
2021-07-11,TV (English),7,Manifest,Manifest: Season 2,20070000,2
2021-07-11,TV (English),8,Virgin River,Virgin River: Season 1,13590000,1
2021-07-11,TV (English),9,Lucifer,Lucifer: Season 5,13440000,2
2021-07-11,TV (English),10,Sweet Tooth,Sweet Tooth: Season 1,13100000,2
2021-07-11,TV (Non-English),1,"Newly Rich, Newly Poor","Newly Rich, Newly Poor: Season 1",24990000,2
2021-07-11,TV (Non-English),2,Elite,Elite: Season 4,21780000,2
2021-07-11,TV (Non-English),3,The Cook of Castamar,The Cook of Castamar: Season 1,16960000,1
2021-07-11,TV (Non-English),4,The War Next-door,The War Next-door: Season 1,13970000,1
2021-07-11,TV (Non-English),5,Lupin,Lupin: Part 2,13150000,2
2021-07-11,TV (Non-English),6,Elize Matsunaga: Once Upon a Crime,Elize Matsunaga: Once Upon a Crime: Season 1,11700000,1
2021-07-11,TV (Non-English),7,The Seven Deadly Sins,The Seven Deadly Sins: Dragon's Judgement,10110000,2
2021-07-11,TV (Non-English),8,Young Royals,Young Royals: Season 1,9820000,1
2021-07-11,TV (Non-English),9,Carrossel,N/A,9790000,1
2021-07-11,TV (Non-English),10,Somos.,Somos.: Season 1,9420000,2
2021-07-04,Films (English),1,Fatherhood,N/A,25680000,1
2021-07-04,Films (English),2,Fear Street Part 1: 1994,N/A,16620000,1
2021-07-04,Films (English),3,Wish Dragon,N/A,15260000,1
2021-07-04,Films (English),4,The Ice Road,N/A,13690000,1
2021-07-04,Films (English),5,Good on Paper,N/A,10580000,1
2021-07-04,Films (English),6,Kung Fu Panda 3,N/A,7690000,1
2021-07-04,Films (English),7,Warcraft,N/A,7650000,1
2021-07-04,Films (English),8,Fatale,N/A,6460000,1
2021-07-04,Films (English),9,Skylines,N/A,6130000,1
2021-07-04,Films (English),10,The Mitchells vs. The Machines,N/A,4890000,1
2021-07-04,Films (Non-English),1,Silver Skates,N/A,7390000,1
2021-07-04,Films (Non-English),2,Haseen Dillruba,N/A,7370000,1
2021-07-04,Films (Non-English),3,Rurouni Kenshin: The Final,N/A,5340000,1
2021-07-04,Films (Non-English),4,The 8th Night,N/A,4480000,1
2021-07-04,Films (Non-English),5,Dynasty Warriors,N/A,4100000,1
2021-07-04,Films (Non-English),6,Security,N/A,2950000,1
2021-07-04,Films (Non-English),7,Murder by the Coast,N/A,2690000,1
2021-07-04,Films (Non-English),8,Xtreme,N/A,2650000,1
2021-07-04,Films (Non-English),9,Rurouni Kenshin: Origins,N/A,2150000,1
2021-07-04,Films (Non-English),10,Prime Time,N/A,2080000,1
2021-07-04,TV (English),1,Sex/Life,Sex/Life: Season 1,86730000,1
2021-07-04,TV (English),2,Too Hot to Handle,Too Hot to Handle: Season 2,62150000,1
2021-07-04,TV (English),3,Manifest,Manifest: Season 1,36330000,1
2021-07-04,TV (English),4,Sweet Tooth,Sweet Tooth: Season 1,21350000,1
2021-07-04,TV (English),5,Manifest,Manifest: Season 2,21330000,1
2021-07-04,TV (English),6,Lucifer,Lucifer: Season 5,16890000,1
2021-07-04,TV (English),7,Pokémon Journeys: The Series,Pokémon Journeys: The Series: Season 1,15350000,1
2021-07-04,TV (English),8,Sophie: A Murder in West Cork,Sophie: A Murder in West Cork: Limited Series,12800000,1
2021-07-04,TV (English),9,CoComelon,CoComelon: Season 3,11430000,1
2021-07-04,TV (English),10,Lucifer,Lucifer: Season 3,9550000,1
2021-07-04,TV (Non-English),1,Elite,Elite: Season 4,38720000,1
2021-07-04,TV (Non-English),2,The Seven Deadly Sins,The Seven Deadly Sins: Dragon's Judgement,33240000,1
2021-07-04,TV (Non-English),3,"Newly Rich, Newly Poor","Newly Rich, Newly Poor: Season 1",28270000,1
2021-07-04,TV (Non-English),4,Lupin,Lupin: Part 2,20970000,1
2021-07-04,TV (Non-English),5,Somos.,Somos.: Season 1,11510000,1
2021-07-04,TV (Non-English),6,Elite,Elite: Season 1,10530000,1
2021-07-04,TV (Non-English),7,Elite,Elite: Season 3,10200000,1
2021-07-04,TV (Non-English),8,Elite,Elite: Season 2,10140000,1
2021-07-04,TV (Non-English),9,Katla,Katla: Season 1,9190000,1
2021-07-04,TV (Non-English),10,Record of Ragnarok,Record of Ragnarok: Season 1,9140000,1
