cliente_id;dia_e_horario;total_da_conta;promocao;cupom;compras_anteriores;cidade;estado;total_sem_desconto;conta_cat
3564;2020-10-01;235.8;True;0.1;2;São Paulo;SP;259.2;barato
4536;2020-10-15;3452.0;False;0.1;3;São Paulo;SP;3798.0;caro
9730;2020-11-03;-;-;0.0;0;Rio de Janeiro;RJ;1894.0;medio
6574;2020-11-14;8936.0;True;0.1;4;Contagem;MG;9830.0;sem informação
2534;2020-12-03;573.5;False;0.0;0;Osasco;SP;573.5;barato
5368;2020-12-20;2366.0;True;0.15;3;?;RJ;2720.0;caro
2356;2021-01-04;6344.0;False;0.05;2;Belo Horizonte;MG;6660.0;caro
6345;;984.0;True;;1;São Paulo;SP;1082.0;sem informação
6457;2021-02-01;1723.0;False;0.05;3;Rio de Janeiro;RJ;1809.0;medio
